nombre1,nombre2,nombre3,apellido1,apellido2
Ana,Lucia,María,García,Fernández
Luis,Carlos,Alberto,Martínez,Pérez
Sofía,Isabel,Carla,Moreno,Rodríguez
José,Manuel,Francisco,González,Ruiz
Ana,María,Beatriz,Rodríguez,Sánchez
Juan,Pablo,Rafael,Jiménez,Fernández
Andrea,Marta,Lucía,Fernández,Gómez
Carlos,David,Miguel,Rodríguez,Martínez
Patricia,Elena,Marina,Ramírez,Jiménez
Luisa,Isabel,Carmen,García,Rodríguez
Ana,Maria,Lucía,Pérez,García
Luis,Carlos,Manuel,Fernández,Rodríguez
Sofía,Isabella,Camila,López,Ramírez
Andrés,Sebastián,Nicolás,González,Martínez
Valentina,Mariana,Juliana,Mendoza,Gutiérrez
Juan,Diego,Miguel,Álvarez,Jiménez
María,Paula,Valeria,Sánchez,Ortiz
Mateo,Santiago,Daniel,Hernández,Rojas
Isabel,Ana,María,Suárez,Moreno
Lucas,Felipe,Emiliano,Jiménez,Pérez
Julia,Magdalena,Carla,Benítez,Gómez
Gabriel,Matías,Martín,Pereira,Ruiz
Laura,Andrea,Natalia,Castro,Chávez
Bruno,Agustín,Bautista,Rodriguez,Correa
Natalia,Carolina,Isabel,Reyes,Rivera
Tomás,Ignacio,Joaquín,Alvarez,Mendoza
Luciana,Catalina,Victoria,Soto,Torres
Luisa,Valentina,María,Martínez,Alonso
Emanuel,Maximiliano,Javier,García,Ruiz
Victoria,Agustina,Abril,Flores,Giménez
Renata,Camila,Emilia,Pérez,Rodríguez
Juan,Pablo,Alejandro,Castillo,Cabrera
Sofía,Daniela,Florencia,Giménez,Ramírez
Federico,Esteban,Rodrigo,Alonso,Moreno
Antonella,Ana,Lucía,Rojas,González
Cristóbal,Joaquín,Francisco,Silva,Muñoz
Isidora,Pilar,Antonia,Valenzuela,Sánchez
Emiliano,Axel,Iker,León,Hernández
Ana,Sofía,Carolina,Mendoza,López
Gonzalo,Matías,Lucas,Torres,González
Mariana,Gabriela,Regina,Santos,Martínez
Alejandro,José,Ramón,Peralta,Ruiz
Ana,Marta,Elena,Ferrer,Gómez
Bruno,Lautaro,Emilio,Beltran,Rodríguez
Sofía,María,Isabella,Pérez,Chávez
Jerónimo,Leonardo,Juan,Alvarez,Rodriguez
Antonia,Javiera,Isidora,Campos,Torres
Gabriel,Juan,Sebastián,Pérez,Rojas
Carla,Isabella,Mariana,Pereira,González
Valentín,Ignacio,Francisco,Hernández,García
Renato,Joaquín,Mateo,Chávez,Pérez
Catalina,Sofía,Isabella,Ramírez,Alonso
Juan,Daniel,Manuel,Rivera,González
Milagros,Antonia,Micaela,Giménez,Soto
Ana,María,Luisa,García,Rodríguez
Martín,Sebastián,Emilio,Sánchez,Pérez
Verónica,Carolina,Magdalena,Hernández,Martínez
Carlos,David,Arturo,Flores,Ramírez
Daniel,Samuel,José,Mendoza,Álvarez
Lucía,Marcela,Isabel,Álvarez,Santos
Eduardo,Roberto,Juan,Jiménez,López
Jessica,María,Elizabeth,Ruiz,González
Oscar,Manuel,José,Luna,Morales
Juan,Pedro,Miguel,González,Rodríguez
Mariana,Valeria,Estefanía,Vargas,Pérez
Fabián,José,Leonardo,Martínez,Hernández
Karla,Mónica,Gabriela,Gutiérrez,Mendoza
Ignacio,Diego,Lucas,Castro,Rivera
Camila,Isabela,Julieta,Gómez,Rodríguez
Fernando,Ramón,Luis,Herrera,García
Liliana,Ana,Sofía,Rojas,González
Luis,Felipe,Adrián,Moreno,Pérez
Lilia,Paulina,Miriam,Flores,Hernández
Ángel,Miguel,Ismael,Santos,Pérez
Gabriela,Victoria,Sofía,Peña,Rodríguez
Arturo,Ricardo,Luis,Ortega,González
Brenda,Martha,Sara,Campos,Martínez
Emilio,José,Juan,Silva,Ramírez
Ana,María,Adriana,Ávila,Sánchez
Víctor,Manuel,Fabián,Cervantes,Rodríguez
Ana,Paula,Fernanda,Benítez,García
Rafael,Guillermo,Alberto,Flores,González
Samantha,Jennifer,Paulina,Alvarado,Rodríguez
Marco,Antonio,Sergio,Ríos,Hernández
Julia,Carolina,Cristina,Rivera,Pérez
Juan,Carlos,Jorge,Valencia,García
Sonia,Lorena,Carla,Ramírez,Martínez
Álvaro,Jesús,Alejandro,Soto,Pérez
Diana,Paola,Mónica,Castillo,Rodríges
